交易,開盤,最高,最低,收盤,漲跌,漲跌,振幅,成交資料,,,,法人買賣超(張),,,,外資,融資(張),,融券(張),,券資
日期,,,,,,(%),(%),,,,,,,,,持股,,,,,比
,,,,,,,,張數,筆數,均張,億元,外資,投信,自營,合計,(%),增減,餘額,增減,餘額,(%)
4月22日,294.5,295,290.5,294,-1,-0.34,1.53,"43,569","25,176",1.7,127.5,"-6,088",-323,-214,"-6,625",76,"1,445","24,753",-299,"1,815",7.3
4月21日,300.5,301.5,293.5,295,-9,-2.96,2.63,"61,949","39,043",1.6,184.2,"-15,656",-282,"-1,675","-17,613",76,"1,062","23,308",-224,"2,114",9.1
4月20日,308,309,302.5,304,-2.5,-0.82,2.12,"44,587","21,791",2,136.1,"-1,075",-13,-613,"-1,701",76,"1,069","22,246",-11,"2,338",10.5
4月17日,303.5,308.5,300.5,306.5,20,6.98,2.79,"117,447","60,873",1.9,357.2,"57,331","2,427",-490,"59,268",76,"-3,009","21,177",939,"2,349",11.1
4月16日,283,288.5,283,286.5,-1,-0.35,1.91,"48,257","19,084",2.5,138.1,"-6,122",301,-188,"-6,009",75.8,724,"24,186",175,"1,410",5.8
4月15日,287,288.5,286,287.5,2.5,0.88,0.88,"58,561","25,696",2.3,168.2,-587,729,"-2,037","-1,895",75.8,-207,"23,462",274,"1,235",5.3
4月14日,281,285.5,280,285,6.5,2.33,1.97,"50,197","22,214",2.3,142.7,"15,372",322,945,"16,639",75.8,-768,"23,669",230,961,4.1
4月13日,278.5,281.5,278.5,278.5,-1,-0.36,1.07,"22,197","12,809",1.7,62,"-5,653",39,"-1,194","-6,807",75.8,633,"24,437",333,731,3
4月10日,280,282,279,279.5,-3.5,-1.24,1.06,"28,207","15,833",1.8,78.9,"-3,792",-542,493,"-3,841",75.8,409,"23,804",0,398,1.7
4月9日,287.5,288,282.5,283,-2,-0.7,1.93,"29,276","15,271",1.9,83.5,"4,812",-123,-188,"4,501",75.8,-891,"23,395",398,398,1.7
4月8日,285,285.5,283,285,2,0.71,0.88,"38,699","19,126",2,110.2,"8,738","1,213","-1,109","8,842",75.8,-380,"24,286",0,0,0
4月7日,283.5,284,280.5,283,7.5,2.72,1.27,"48,887","24,281",2,138.2,"21,623",205,-254,"21,574",75.8,"-1,619","24,666",0,0,0
4月6日,273,275.5,270,275.5,4,1.47,2.03,"59,713","19,971",3,163.2,"4,555",-558,"1,389","5,386",75.7,637,"26,285",-24,0,0
4月1日,276.5,276.5,271.5,271.5,-2.5,-0.91,1.82,"47,572","19,580",2.4,130.2,"2,247",661,"-1,033","1,876",75.7,611,"25,648","-1,951",24,0.09
3月31日,273,274,269.5,274,6.5,2.43,1.68,"53,902","20,343",2.6,147.1,"9,587",208,"-1,587","8,208",75.7,"-1,273","25,037",68,"1,977",7.9
3月30日,263.5,269,262.5,267.5,-5.5,-2.01,2.38,"53,404","27,779",1.9,142.1,"-11,924",-731,-12,"-12,667",75.6,"1,103","26,310",-337,"1,909",7.3
3月27日,284,286,273,273,-7,-2.5,4.64,"69,320","36,025",1.9,193.2,"-5,230",-452,"-2,113","-7,795",75.7,855,"25,207",-775,"2,246",8.9
3月26日,279.5,280,275.5,280,3,1.08,1.62,"54,190","27,648",2,151.1,"20,210",-11,-694,"19,505",75.7,"-1,501","24,352",346,"3,021",12.4
3月25日,276.5,280,274,277,9.5,3.55,2.24,"80,514","40,932",2,223.7,"11,871",54,"-3,188","8,737",75.6,"-2,148","25,853",186,"2,675",10.3
3月24日,268,274,266,267.5,12.5,4.9,3.14,"82,378","41,077",2,222.1,"17,391",-14,-404,"16,973",75.6,"-2,160","28,001",277,"2,489",8.9
3月23日,257,262.5,252,255,-15,-5.56,3.89,"76,964","41,621",1.8,198.5,"-15,773",716,"-1,329","-16,386",75.5,840,"30,161",13,"2,212",7.3
3月20日,258.5,270,256,270,22,8.87,5.65,"159,180","69,829",2.3,421.1,"-14,569","1,587","-2,250","-15,232",75.6,"-1,329","29,321",670,"2,199",7.5
3月19日,252,253,235.5,248,-9.5,-3.69,6.8,"160,812","77,302",2.1,395.6,"-28,657","1,414","-4,529","-31,772",75.6,"-1,330","30,650","1,529","1,529",5
3月18日,269.5,272.5,260,260,-8,-2.99,4.66,"118,621","53,985",2.2,315.6,"-32,425",502,"-3,879","-35,802",75.8,540,"31,980",0,0,0
3月17日,265,276.5,265,268,-8.5,-3.07,4.16,"122,410","57,123",2.1,329.4,"-37,528",458,-214,"-37,284",75.9,"1,599","31,440",0,0,0
3月16日,285,291,275.5,276.5,-13.5,-4.66,5.34,"103,933","51,292",2,293.4,"-41,867",175,"-5,214","-46,906",76.1,"1,743","29,841",-2,0,0
3月13日,275,294,272.5,290,-4,-1.36,7.31,"151,268","71,990",2.1,424.5,"-38,614",694,"1,686","-36,234",76.2,"1,873","28,098",-301,2,0.01
3月12日,299,299,287,294,-8,-2.65,3.97,"114,173","56,989",2,335.4,"-38,542",-147,"-3,716","-42,405",76.4,440,"26,225",15,303,1.2
3月11日,309,310.5,302,302,-5,-1.63,2.77,"64,924","27,176",2.4,199.1,"-21,223",115,"-4,315","-25,423",76.5,-164,"25,785",-101,288,1.1
3月10日,301.5,309,301,307,1.5,0.49,2.62,"74,869","30,268",2.5,227.3,"-23,367",419,"1,270","-21,678",76.6,"1,760","25,949",-119,389,1.5
3月9日,307.5,310,305.5,305.5,-9.5,-3.02,1.43,"88,633","44,882",2,272.4,"-53,913",357,"-2,124","-55,680",76.7,"1,982","24,189",7,508,2.1
3月6日,320,320.5,315,315,-8,-2.48,1.7,"52,808","24,175",2.2,167.3,"-34,757",31,"-1,184","-35,910",76.9,"2,097","22,207",-178,501,2.3
3月5日,325,326,323,323,2.5,0.78,0.94,"38,224","15,107",2.5,123.9,"-7,424",-144,-746,"-8,314",77.1,-948,"20,110",-25,679,3.4
3月4日,322,322,317,320.5,3,0.94,1.57,"44,745","16,118",2.8,143,"10,137",490,"-1,659","8,968",77.1,-882,"21,058",117,704,3.3
3月3日,318.5,320,316,317.5,6.5,2.09,1.29,"55,169","20,713",2.7,175.3,"-4,002",-341,-976,"-5,319",77.1,"-1,174","21,940",89,587,2.7
3月2日,308,317,308,311,-5,-1.58,2.85,"86,373","35,320",2.4,268.6,"-35,932",492,"2,951","-32,489",77.1,"1,791","23,114",-88,498,2.2
2月27日,319,320,315,316,-2.5,-0.78,1.57,"62,402","20,633",3,197.6,"-24,122",235,-445,"-24,332",77.2,112,"21,323",-105,586,2.7
2月26日,317,320.5,316.5,318.5,-3.5,-1.09,1.24,"60,768","24,310",2.5,193.4,"-35,595",246,391,"-34,958",77.3,963,"21,211",-118,691,3.3
2月25日,320,323.5,317.5,322,2,0.62,1.88,"38,674","17,366",2.2,124.3,"-12,928",-117,"1,144","-11,900",77.5,758,"20,248",22,809,4
2月24日,319.5,321.5,319.5,320,-5,-1.54,0.62,"42,947","18,902",2.3,137.5,"-26,476",231,49,"-26,196",77.5,452,"19,490",-62,787,4
2月21日,325.5,326.5,323,325,-0.5,-0.15,1.08,"22,975","9,342",2.5,74.6,"-5,035",-222,-622,"-5,879",77.6,40,"19,038",-20,849,4.5
2月20日,328,329,325,325.5,-1,-0.31,1.23,"27,062","11,695",2.3,88.3,"-7,734",-355,251,"-7,839",77.7,-101,"18,998",-21,869,4.6
2月19日,322.5,327,322,326.5,4.5,1.4,1.55,"48,856","16,003",3.1,158.8,"-2,712",-64,"1,858",-918,77.7,-44,"19,099",-62,890,4.7
2月18日,324.5,326.5,322,322,-9.5,-2.87,1.36,"64,663","36,520",1.8,209.6,"-40,790",-554,"1,448","-39,896",77.7,"2,300","19,143",-91,952,5
2月17日,331.5,333,330.5,331.5,-3.5,-1.04,0.75,"16,145","9,747",1.7,53.5,"-5,521",-302,52,"-5,771",77.9,44,"16,843",-58,"1,043",6.2
2月14日,337,337,334.5,335,0,0,0.75,"18,327","7,881",2.3,61.6,-975,-80,-310,"-1,365",77.9,16,"16,799",-1,"1,101",6.6
2月13日,338,338,335,335,0,0,0.9,"23,217","12,563",1.8,78.1,"2,055",-366,"-1,019",670,77.9,-798,"16,783",45,"1,102",6.6
2月12日,333.5,336,333,335,3.5,1.06,0.9,"37,613","17,394",2.2,125.9,"5,098",11,819,"5,928",77.9,-525,"17,581",-22,"1,057",6
2月11日,330.5,332.5,330,331.5,4,1.22,0.76,"29,063","12,766",2.3,96.3,113,24,-211,-74,77.9,765,"18,106",-51,"1,079",6
2月10日,321.5,328,321,327.5,-0.5,-0.15,2.13,"30,814","14,825",2.1,100.2,"-8,306",-713,428,"-8,591",77.9,193,"17,341",-24,"1,130",6.5
2月7日,330,330.5,326,328,-4.5,-1.35,1.35,"30,055","13,075",2.3,98.7,"-4,717",-145,62,"-4,800",77.9,-584,"17,148",-1,"1,154",6.7
2月6日,329.5,332.5,329,332.5,5,1.53,1.07,"29,659","14,246",2.1,98,"1,095",30,"1,274","2,398",77.9,-476,"17,732",-2,"1,155",6.5
2月5日,329,329.5,324.5,327.5,2.5,0.77,1.54,"36,601","16,656",2.2,119.9,"3,003",-44,"-1,427","1,532",77.9,"-1,556","18,208",127,"1,157",6.4
2月4日,319,326,318,325,10,3.17,2.54,"52,208","22,587",2.3,168.8,"6,327",-306,"-1,558","4,463",77.9,-778,"19,764",393,"1,030",5.2
2月3日,315,316.5,312,315,-5,-1.56,1.41,"59,712","26,483",2.3,187.8,"-10,692",330,"1,309","-9,053",77.9,-298,"20,542",-52,637,3.1
1月31日,323,323.5,319,320,3.5,1.11,1.42,"62,912","22,639",2.8,202.1,"-16,245",-76,-402,"-16,723",78,-721,"20,840",33,689,3.3
1月30日,326,326,316.5,316.5,-16.5,-4.95,2.85,"126,820","55,603",2.3,407.3,"-27,189","-1,955","-1,955","-31,099",78,"1,276","21,561",-173,656,3
1月20日,334,335.5,333,333,0,0,0.75,"35,551","15,095",2.4,118.7,"-3,628",-601,"1,169","-3,060",78.1,446,"20,313",221,829,4.1
1月17日,334,335.5,332,333,-1.5,-0.45,1.05,"53,908","23,954",2.3,179.8,"-17,769","-1,277",33,"-19,013",78.1,-115,"19,867",-70,608,3.1
1月16日,330,336.5,330,334.5,-5.5,-1.62,1.91,"58,217","24,721",2.4,194.3,"-24,571",-147,"2,603","-22,115",78.2,"3,086","19,982",-129,678,3.4
1月15日,345,345,337.5,340,-6,-1.73,2.17,"54,575","20,392",2.7,185.9,"-17,904",-936,-323,"-19,163",78.3,432,"16,896",-82,807,4.8
1月14日,345.5,346,344.5,346,4.5,1.32,0.44,"30,369","16,339",1.9,104.9,"4,419",-262,714,"4,871",78.4,-473,"16,464",95,889,5.4
1月13日,342,342,339,341.5,2,0.59,0.88,"30,663","13,457",2.3,104.6,"5,692",-236,140,"5,596",78.4,-30,"16,937",44,794,4.7
1月10日,340.5,341,336,339.5,2,0.59,1.48,"27,880","13,296",2.1,94.3,"1,689",-78,-879,732,78.3,-268,"16,967",108,750,4.4
1月9日,335,337.5,333.5,337.5,8,2.43,1.21,"32,398","16,793",1.9,108.9,"10,077",60,-682,"9,455",78.3,-489,"17,235",110,642,3.7
1月8日,325,333,325,329.5,0,0,2.43,"37,914","18,228",2.1,124.8,-792,-19,-423,"-1,234",78.3,255,"17,724",181,532,3
1月7日,332.5,333,326.5,329.5,-2.5,-0.75,1.96,"51,746","22,362",2.3,170.5,"-14,355",-302,631,"-14,026",78.3,-672,"17,469",7,351,2
1月6日,333,334.5,332,332,-7.5,-2.21,0.74,"45,677","22,944",2,152.1,"-16,095",-864,822,"-16,137",78.3,"1,848","18,141",-227,344,1.9
1月3日,344,345,335.5,339.5,0.5,0.15,2.8,"42,023","20,545",2,143,"2,593",197,"-1,108","1,682",78.4,-905,"16,293",126,571,3.5
1月2日,332.5,339,332.5,339,8,2.42,1.96,"33,282","17,160",1.9,112.2,"-4,757",-179,-17,"-4,953",78.4,-777,"17,198",119,445,2.6
12月31日,331,333.5,331,331,-3.5,-1.05,0.75,"22,951","12,253",1.9,76.1,"-6,973",-407,471,"-6,909",78.4,182,"17,975",-28,326,1.8
12月30日,338,339,334,334.5,-3.5,-1.04,1.48,"21,591","10,468",2.1,72.7,"-3,711",-107,-129,"-3,947",78.4,335,"17,793",-7,354,2
12月27日,335,338,335,338,5,1.5,0.9,"16,678","8,660",1.9,56.2,"4,034",76,221,"4,331",78.4,-120,"17,458",86,361,2.1
12月26日,333,334,331.5,333,0,0,0.75,"11,428","6,439",1.8,38,"1,760",-344,-333,"1,083",78.4,110,"17,578",-5,275,1.6
12月25日,332,334.5,331,333,1,0.3,1.05,"12,263","7,597",1.6,40.8,-573,195,"1,174",796,78.4,-135,"17,468",26,280,1.6
12月24日,334,334.5,332,332,-2,-0.6,0.75,"13,784","7,887",1.7,45.9,-838,39,-166,-965,78.4,55,"17,603",-103,254,1.4
12月23日,329.5,334,329.5,334,5,1.52,1.37,"26,911","12,310",2.2,89.2,"3,971",74,378,"4,423",78.3,-574,"17,548",201,357,2
12月20日,332,333,328.5,329,-6,-1.79,1.34,"86,280","28,112",3.1,284.8,"-19,675",-891,"3,114","-17,452",78.3,"1,735","18,122",58,156,0.9
12月19日,340,342,335,335,-7,-2.05,2.05,"55,667","28,105",2,187.7,"-22,919",61,"2,149","-20,709",78.4,"1,858","16,387",98,98,0.6
12月18日,341.5,345,341.5,344.5,-0.5,-0.14,1.01,"42,487","15,836",2.7,145.9,"-9,353",295,274,"-8,784",78.4,381,"14,529",0,0,0
12月17日,335,345,335,345,9,2.68,2.98,"41,428","16,808",2.5,141.5,572,86,323,981,78.5,692,"14,148",0,0,0
12月16日,336.5,338.5,336,336,-3,-0.88,0.74,"48,340","16,938",2.9,162.7,"-14,085",-18,"1,085","-13,018",78.5,"1,127","13,456",-65,0,0
12月13日,340,343,338,339,7.5,2.26,1.51,"60,844","23,025",2.6,207,"5,357",39,"-1,023","4,373",78.6,-425,"12,329","-1,363",65,0.5
12月12日,325,334.5,324,331.5,12.5,3.92,3.29,"52,802","22,555",2.3,174.5,"9,141",155,-906,"8,390",78.5,-90,"12,754",-309,"1,428",11.2
12月11日,314,319,313,319,5.5,1.75,1.91,"34,329","11,689",2.9,108.7,"3,834",219,-871,"3,182",78.5,-542,"12,844",14,"1,737",13.5
12月10日,315,315.5,312.5,313.5,-2.5,-0.79,0.95,"20,848","8,702",2.4,65.4,"-5,549",75,264,"-5,210",78.5,18,"13,386",-199,"1,723",12.9
12月9日,314,316.5,314,316,3,0.96,0.8,"23,556","10,583",2.2,74.3,-285,93,659,467,78.5,264,"13,368",-57,"1,922",14.4
12月6日,315,316,311,313,1,0.32,1.6,"18,403","8,974",2.1,57.7,"1,683",-59,-372,"1,252",78.5,364,"13,104",-47,"1,979",15.1
12月5日,309,312,309,312,6,1.96,0.98,"39,350","13,587",2.9,122.4,"14,561",98,-762,"13,897",78.5,-440,"12,740",26,"2,026",15.9
12月4日,305,306,304,306,-1,-0.33,0.65,"34,912","9,989",3.5,106.5,"-2,147",-165,469,"-1,843",78.5,-243,"13,180",-143,"2,000",15.2
12月3日,305,307,305,307,-0.5,-0.16,0.65,"27,686","9,206",3,84.7,123,-37,"1,082","1,168",78.5,-70,"13,423",-327,"2,143",16
12月2日,307,308,306.5,307.5,2.5,0.82,0.49,"25,517","8,465",3,78.4,"7,443",217,-21,"7,639",78.5,-203,"13,493",90,"2,470",18.3
11月29日,309,309.5,305,305,-4.5,-1.45,1.45,"32,424","15,368",2.1,99.2,"-11,373",342,878,"-10,153",78.4,514,"13,696",-189,"2,380",17.4
11月28日,310,312,308.5,309.5,-1.5,-0.48,1.13,"19,719","9,289",2.1,61.1,"3,485",213,33,"3,731",78.5,155,"13,182",-5,"2,569",19.5
11月27日,307.5,311.5,307.5,311,4,1.3,1.3,"18,528","7,916",2.3,57.3,886,-2,750,"1,634",78.5,-793,"13,027",43,"2,574",19.8
11月26日,310,310.5,307,307,0,0,1.14,"101,917","10,321",9.9,313.3,"-6,769",-105,746,"-6,128",78.5,411,"13,820",-84,"2,531",18.3
11月25日,310.5,310.5,307,307,-2,-0.65,1.13,"19,855","8,067",2.5,61.3,"-3,721",-46,-774,"-4,541",78.5,-32,"13,409",-4,"2,615",19.5
11月22日,310,310.5,308,309,-2,-0.64,0.8,"26,493","9,407",2.8,81.9,"-8,432",-177,585,"-8,024",78.5,25,"13,441",4,"2,619",19.5
11月21日,309.5,311,307,311,-2.5,-0.8,1.28,"30,164","11,638",2.6,93.3,"-10,795",652,371,"-9,772",78.6,-8,"13,416",-139,"2,615",19.5
11月20日,314,314,312,313.5,-1.5,-0.48,0.63,"24,539","9,143",2.7,76.8,"-3,144",661,-1,"-2,484",78.6,3,"13,424",52,"2,754",20.5
11月19日,312.5,315,311,315,4,1.29,1.29,"33,096","11,121",3,103.7,"12,555",16,-770,"11,801",78.6,-359,"13,421",141,"2,702",20.1
11月18日,308.5,311,307,311,4,1.3,1.3,"18,741","8,420",2.2,58,"1,888","1,277",-386,"2,779",78.6,83,"13,780",157,"2,561",18.6
11月15日,305.5,307.5,304.5,307,3.5,1.15,0.99,"29,038","8,672",3.3,88.9,"-2,802",673,-579,"-2,708",78.6,-84,"13,697",76,"2,404",17.6
11月14日,304.5,305,302,303.5,-0.5,-0.16,0.99,"15,735","6,219",2.5,47.8,"-2,051",54,-235,"-2,232",78.6,-52,"13,781",-16,"2,328",16.9
11月13日,303,304,301.5,304,-1,-0.33,0.82,"18,422","6,039",3.1,55.8,456,-20,-174,262,78.6,67,"13,833",26,"2,344",16.9
11月12日,302.5,305,302,305,4,1.33,1,"19,017","8,957",2.1,57.7,"-2,390",132,75,"-2,183",78.6,97,"13,766",45,"2,318",16.8
11月11日,305,305,300,301,-4.5,-1.47,1.64,"35,286","15,246",2.3,106.6,"1,333",-271,507,"1,569",78.6,-362,"13,669",-178,"2,273",16.6
11月8日,308.5,309,305.5,305.5,-3.5,-1.13,1.13,"26,231","12,740",2.1,80.4,"-4,686",820,630,"-3,236",78.6,51,"14,031",-200,"2,451",17.5
11月7日,310,310,306.5,309,-2,-0.64,1.13,"28,454","12,277",2.3,87.7,"-2,647",971,40,"-1,636",78.6,294,"13,980",-80,"2,651",19
11月6日,309,311.5,308,311,0.5,0.16,1.13,"22,150","9,660",2.3,68.6,"2,434",359,514,"3,307",78.6,87,"13,686",32,"2,731",20
11月5日,307.5,310.5,307,310.5,3.5,1.14,1.14,"32,253","13,698",2.4,99.7,"2,847",410,468,"3,725",78.6,107,"13,599",45,"2,699",19.8
11月4日,302.5,308,301,307,8,2.68,2.34,"45,156","18,475",2.4,137.7,"7,992",96,397,"8,485",78.6,"1,063","13,492",245,"2,654",19.7
11月1日,299.5,299.5,296.5,299,0.5,0.17,1.01,"30,217","10,241",3,90,"6,384",130,-34,"6,480",78.6,61,"12,429",-32,"2,409",19.4
10月31日,300,301.5,298.5,298.5,-1,-0.33,1,"43,124","12,997",3.3,129.2,"8,098",44,-436,"7,706",78.5,83,"12,368",34,"2,441",19.7
10月30日,298.5,299.5,296.5,299.5,1,0.34,1.01,"32,370","11,084",2.9,96.5,"4,348",-27,-260,"4,061",78.5,-415,"12,285",95,"2,407",19.6
10月29日,297,298.5,296.5,298.5,4,1.36,0.68,"37,130","14,060",2.6,110.4,"17,771",-237,"-1,020","16,514",78.5,"-1,074","12,700",162,"2,312",18.2
10月28日,295,295.5,294,294.5,1,0.34,0.51,"20,217","9,257",2.2,59.6,"7,300",-388,26,"6,938",78.4,542,"13,774",-17,"2,150",15.6
10月25日,294.5,294.5,292.5,293.5,0.5,0.17,0.68,"25,083","11,064",2.3,73.6,"9,998",-141,-104,"9,753",78.4,-243,"13,232",39,"2,167",16.4
10月24日,294.5,294.5,291,293,0,0,1.19,"29,041","10,649",2.7,84.9,"7,189",-200,-77,"6,912",78.4,92,"13,475",-31,"2,128",15.8
10月23日,293.5,293.5,290.5,293,-1,-0.34,1.02,"30,382","11,753",2.6,88.8,"1,630",-86,"-1,893",-349,78.3,120,"13,383",17,"2,159",16.1
10月22日,292.5,294,291.5,294,4,1.38,0.86,"26,525","10,186",2.6,77.7,"10,371",19,-164,"10,226",78.3,-145,"13,263",34,"2,142",16.2
10月21日,291,291,288.5,290,-3,-1.02,0.85,"35,860","14,682",2.4,103.9,"2,288",14,840,"3,142",78.3,814,"13,408",-111,"2,108",15.7
10月18日,293,295.5,291,293,-0.5,-0.17,1.53,"45,461","18,000",2.5,133,"6,131",-130,-772,"5,229",78.3,70,"12,594",-34,"2,219",17.6
10月17日,295,295.5,292,293.5,-3,-1.01,1.18,"41,921","15,170",2.8,123,-338,-9,979,632,78.2,487,"12,524",-82,"2,253",18
10月16日,298,298,293.5,296.5,3,1.02,1.53,"42,917","16,650",2.6,126.7,"6,835",-184,"-1,777","4,875",78.2,-36,"12,037",132,"2,335",19.4
10月15日,293.5,296,292,293.5,3.5,1.21,1.38,"54,755","15,485",3.5,160.9,"4,490",-100,309,"4,699",78.2,329,"12,073",471,"2,203",18.2
10月14日,291.5,291.5,288.5,290,8,2.84,1.06,"53,404","17,812",3,155.1,"4,962",155,"1,375","6,492",78.2,238,"11,744",125,"1,732",14.7
10月9日,283.5,286,282,282,-4.5,-1.57,1.4,"34,895","14,567",2.4,98.9,"-2,689",168,"-1,715","-4,236",78.1,777,"11,506",-232,"1,607",14
10月8日,283.5,286.5,282.5,286.5,8.5,3.06,1.44,"39,869","16,721",2.4,113.4,"16,431",-78,-899,"15,454",78.1,-288,"10,729",345,"1,839",17.1
10月7日,279,279.5,277.5,278,1.5,0.54,0.72,"17,750","7,757",2.3,49.4,387,210,-240,357,78.1,-72,"11,017",28,"1,494",13.6
10月4日,279.5,280,275,276.5,0,0,1.81,"35,815","13,780",2.6,99.2,"-2,019",329,432,"-1,258",78.1,111,"11,089",-30,"1,466",13.2
10月3日,274,277.5,274,276.5,-3,-1.07,1.25,"35,875","12,853",2.8,98.9,"-6,844",301,819,"-5,724",78.1,724,"10,978",-313,"1,496",13.6
10月2日,280,281,279,279.5,-0.5,-0.18,0.71,"30,573","12,294",2.5,85.5,"5,829",401,-366,"5,864",78.1,473,"10,254",120,"1,809",17.6
10月1日,273,280.5,273,280,8,2.94,2.76,"75,249","26,648",2.8,208.9,"26,718",518,-487,"26,749",78.1,277,"9,781",550,"1,689",17.3
9月27日,271.5,272.5,271,272,4,1.49,0.56,"44,243","16,626",2.7,120.2,"19,173","1,032",-190,"20,015",78,-25,"9,504",374,"1,139",12
9月26日,269,269.5,266.5,268,2,0.75,1.13,"34,128","11,861",2.9,91.4,"5,415",719,"-1,261","4,873",77.9,-216,"9,529",170,765,8
9月25日,262.5,266,262,266,1,0.38,1.51,"23,244","7,145",3.3,61.4,"3,075","1,240","-1,550","2,765",77.9,-51,"9,745",116,595,6.1
9月24日,263.5,265.5,262,265,1,0.38,1.33,"24,305","9,180",2.6,64.2,"-1,406",-7,-724,"-2,137",77.8,133,"9,796",92,479,4.9
9月23日,264,264,263,264,0,0,0.38,"14,220","5,647",2.5,37.5,985,-136,-133,716,77.8,-29,"9,663",29,387,4
9月20日,266,266.5,264,264,-1,-0.38,0.94,"44,556","9,109",4.9,117.9,-571,850,341,620,77.7,7,"9,692",144,358,3.7
9月19日,268,268,264,265,0,0,1.51,"27,166","10,194",2.7,72.2,"2,463",122,-287,"2,298",77.7,278,"9,685",214,214,2.2
9月18日,267,269.5,266.5,267,2,0.75,1.13,"51,361","17,993",2.9,137.5,"26,751",-252,-738,"25,761",77.6,-566,"9,407",0,0,0
9月17日,266.5,266.5,264.5,265,-0.5,-0.19,0.75,"30,070","9,222",3.3,79.8,"9,470",87,-107,"9,450",77.6,-78,"9,973",0,0,0
9月16日,262,265.5,261.5,265.5,3,1.14,1.52,"38,914","11,120",3.5,102.6,"13,513",16,125,"13,653",77.5,-415,"10,051",-91,0,0
9月12日,265,265,261.5,262.5,-0.5,-0.19,1.33,"38,792","8,282",4.7,102,"4,232",162,510,"4,904",77.5,74,"10,466",-811,91,0.9
9月11日,264,264.5,260.5,263,1.5,0.57,1.53,"36,266","12,058",3,95.1,714,399,-813,300,77.5,677,"10,392",-214,902,8.7
9月10日,263.5,264,260.5,261.5,-3.5,-1.32,1.32,"30,020","11,831",2.5,78.6,"-1,303",-331,"1,280",-354,77.4,410,"9,715",-299,"1,116",11.5
9月9日,265.5,266,263.5,265,1.5,0.57,0.95,"17,318","8,762",2,45.9,"7,890",134,-846,"7,178",77.4,-286,"9,305",-26,"1,415",15.2
9月6日,265,265,263,263.5,0.5,0.19,0.76,"26,610","11,957",2.2,70.2,"12,059",317,-355,"12,021",77.4,-581,"9,591",-46,"1,441",15
9月5日,263,263,260.5,263,5.5,2.14,0.97,"49,042","22,796",2.2,128.7,"33,655","1,002","-1,654","33,003",77.4,"-1,802","10,172",0,"1,487",14.6
9月4日,254,258,254,257.5,3.5,1.38,1.57,"23,698","9,291",2.6,60.8,"4,568",274,"1,498","6,340",77.2,-309,"11,974",259,"1,487",12.4
9月3日,256.5,258,253,254,-3.5,-1.36,1.94,"26,086","11,210",2.3,66.4,"-9,509",191,"1,604","-7,714",77.2,751,"12,283",-94,"1,228",10
9月2日,258,258,256,257.5,-1.5,-0.58,0.77,"14,777","7,608",1.9,38,817,-17,533,"1,333",77.2,6,"11,532",-13,"1,322",11.5
8月30日,256.5,259,256,259,5,1.97,1.18,"35,299","13,703",2.6,90.9,"17,557",50,376,"17,983",77.2,-584,"11,526",122,"1,335",11.6
8月29日,253,254,251,254,2,0.79,1.19,"20,086","6,596",3,50.8,"3,694",-6,-10,"3,678",77.1,-437,"12,110",43,"1,213",10
8月28日,250.5,253,250.5,252,2,0.8,1,"15,281","6,829",2.2,38.5,"2,649",145,-409,"2,385",77.1,-3,"12,547",79,"1,170",9.3
8月27日,250.5,251,248.5,250,1.5,0.6,1.01,"53,665","8,939",6,134.1,"-1,124",591,-302,-835,77.1,285,"12,550",-5,"1,091",8.7
8月26日,249,250.5,248.5,248.5,-5.5,-2.17,0.79,"31,741","13,388",2.4,79.1,"-15,448",84,118,"-15,246",77.1,696,"12,265",-307,"1,096",8.9
8月23日,253.5,254.5,253,254,0,0,0.59,"14,773","5,663",2.6,37.5,"-1,622",141,692,-789,77.2,214,"11,569",6,"1,403",12.1
8月22日,257,257.5,254,254,-0.5,-0.2,1.38,"22,137","8,794",2.5,56.6,"1,153","1,829",-841,"2,141",77.2,-191,"11,355",35,"1,397",12.3
8月21日,254.5,255,253,254.5,0,0,0.79,"20,269","7,383",2.7,51.5,"1,297",38,-610,725,77.2,139,"11,546",61,"1,362",11.8
8月20日,254,254.5,252.5,254.5,2.5,0.99,0.79,"20,620","8,214",2.5,52.3,"6,396",56,-797,"5,655",77.2,-467,"11,407",87,"1,301",11.4
8月19日,251.5,253,250.5,252,2,0.8,1,"25,099","9,398",2.7,63.3,"1,833",232,-129,"1,936",77.1,-779,"11,874",19,"1,214",10.2
8月16日,249.5,252,248,250,2,0.81,1.61,"25,697","8,994",2.9,64.2,"-2,376",-73,-155,"-2,604",77.1,-570,"12,653",3,"1,195",9.4
8月15日,247,248.5,246,248,-1.5,-0.6,1,"28,277","10,852",2.6,69.9,"-1,863",-632,-288,"-2,783",77.1,689,"13,223",-47,"1,192",9
8月14日,252.5,254,249.5,249.5,3,1.22,1.83,"36,337","13,609",2.7,91.4,"-4,058",304,171,"-3,583",77.1,"1,588","12,534",-16,"1,239",9.9
8月13日,249,249.5,246.5,246.5,-4.5,-1.79,1.2,"25,045","11,377",2.2,62,"-8,359",-41,475,"-7,925",77.1,520,"10,946",-213,"1,255",11.5
8月12日,254.5,254.5,251,251,-2.5,-0.99,1.38,"24,733","8,415",2.9,62.4,"-3,377",-539,-468,"-4,384",77.2,410,"10,426",-52,"1,468",14.1
8月8日,248,254,248,253.5,5.5,2.22,2.42,"30,140","11,228",2.7,76,"7,481",375,-449,"7,407",77.2,-486,"10,016",73,"1,520",15.2
8月7日,250,250.5,246.5,248,-0.5,-0.2,1.61,"29,435","11,208",2.6,73.1,"-9,929",-424,"-1,533","-11,886",77.2,268,"10,502",-23,"1,447",13.8
8月6日,240,250,240,248.5,2,0.81,4.06,"58,917","22,358",2.6,144.4,"-4,342",615,852,"-2,875",77.2,-213,"10,234",80,"1,470",14.4
8月5日,251,252,245.5,246.5,-5,-1.99,2.58,"52,836","20,136",2.6,130.9,"-22,096",-428,"2,291","-20,233",77.2,"1,499","10,447",-213,"1,390",13.3
8月2日,252,253.5,250.5,251.5,-5,-1.95,1.17,"54,166","18,096",3,136.3,"-9,355",-235,879,"-8,711",77.3,"-1,264","8,948",-162,"1,603",17.9
8月1日,257.5,257.5,255.5,256.5,-3,-1.16,0.77,"30,108","11,372",2.6,77.2,"-10,675",196,"1,421","-9,058",77.3,806,"10,212",-226,"1,765",17.3
7月31日,260,260,257,259.5,-0.5,-0.19,1.15,"36,366","10,468",3.5,94.1,"1,487",8,"-2,546","-1,051",77.4,327,"9,406",-98,"1,991",21.2
7月30日,262.5,263,260,260,-1,-0.38,1.15,"22,896","7,191",3.2,59.8,-8,174,-540,-374,77.4,48,"9,079",-53,"2,089",23
7月29日,260,262,259.5,261,0,0,0.96,"18,473","6,681",2.8,48.2,"1,111",-1,93,"1,203",77.4,449,"9,031",-43,"2,142",23.7
7月26日,261,262.5,261,261,-4,-1.51,0.57,"20,768","8,850",2.3,54.3,"-3,566",-112,114,"-3,564",77.4,573,"8,582",-190,"2,185",25.5
7月25日,264,265,261.5,265,0,0,1.32,"30,699","10,643",2.9,80.9,"4,899",-229,-107,"4,563",77.4,98,"8,009",-31,"2,375",29.7
7月24日,266.5,266.5,263,265,1,0.38,1.33,"24,511","10,617",2.3,64.8,"6,273",56,"-2,518","3,811",77.4,538,"7,911",62,"2,406",30.4
7月23日,265.5,266.5,262.5,264,0,0,1.52,"29,273","12,791",2.3,77.3,"12,933",46,-456,"12,523",77.3,-386,"7,373",48,"2,344",31.8
7月22日,263,264,262,264,5,1.93,0.77,"31,864","13,424",2.4,83.9,"13,599",388,"-1,196","12,791",77.3,-430,"7,759",259,"2,296",29.6
7月19日,259.5,261,259,259,5,1.97,0.79,"59,880","21,827",2.7,155.7,"24,018",403,"-1,211","23,210",77.3,"-1,552","8,189",365,"2,037",24.9
7月18日,252,254.5,251.5,254,2,0.79,1.19,"20,909","8,245",2.5,53,"-3,751",62,"1,491","-2,198",77.2,279,"9,741",109,"1,672",17.2
7月17日,254,254,251,252,-4,-1.56,1.17,"34,347","11,106",3.1,86.9,"-8,125",-8,962,"-7,171",77.2,340,"9,462",-195,"1,563",16.5
7月16日,254,256.5,253.5,256,1.5,0.59,1.18,"26,141","8,994",2.9,66.8,"5,264",154,-345,"5,073",77.2,408,"9,122",139,"1,758",19.3
7月15日,251,254.5,249.5,254.5,4,1.6,2,"34,264","12,174",2.8,86.6,"5,764",80,-349,"5,495",77.2,89,"8,714",264,"1,619",18.6
7月12日,252,252,249.5,250.5,0.5,0.2,1,"23,868","8,363",2.9,59.8,"9,726",17,-834,"8,909",77.1,-323,"8,625",38,"1,355",15.7
7月11日,250,250,247.5,250,3,1.21,1.01,"31,296","14,360",2.2,78.1,"9,643",237,"-1,315","8,565",77.1,-643,"8,948",226,"1,317",14.7
7月10日,243,247,243,247,5,2.07,1.65,"23,812","12,366",1.9,58.4,-992,293,"1,428",729,77,-651,"9,591",186,"1,091",11.4
7月9日,241.5,243,240.5,242,-0.5,-0.21,1.03,"16,539","6,486",2.5,40,"-6,071",194,31,"-5,846",77,108,"10,242",31,905,8.8
7月8日,240,244.5,240,242.5,-0.5,-0.21,1.85,"29,191","10,552",2.8,70.6,"-9,758",51,"1,380","-8,327",77.1,438,"10,134",6,874,8.6
7月5日,244.5,245,241.5,243,-1,-0.41,1.43,"27,317","9,013",3,66.2,"-6,592",53,520,"-6,019",77.1,394,"9,696",-64,868,9
7月4日,244.5,245,242.5,244,1.5,0.62,1.03,"18,691","8,565",2.2,45.6,"-1,666",251,419,-996,77.1,-145,"9,302",30,932,10
7月3日,244,245,242,242.5,-6.5,-2.61,1.2,"29,550","16,033",1.8,71.9,"-9,801",112,213,"-9,476",77.2,533,"9,447",-335,902,9.5
7月2日,249.5,250,247.5,249,0.5,0.2,1.01,"26,832","12,531",2.1,66.7,-366,967,250,851,77.2,-624,"8,914",55,"1,237",13.9
7月1日,245.5,250,245,248.5,9.5,3.97,2.09,"66,371","29,551",2.2,164.5,"15,151","2,440","-2,635","14,956",77.2,"-1,606","9,538",603,"1,182",12.4
6月28日,241.5,241.5,238,239,-1.5,-0.62,1.46,"28,085","8,987",3.1,67.2,"1,285",195,162,"1,642",77.1,196,"11,144",53,579,5.2
6月27日,236,241.5,236,240.5,6,2.56,2.35,"42,008","14,983",2.8,100.6,"10,863",471,-178,"11,156",77.1,-879,"10,948",273,526,4.8
6月26日,235,236.5,234,234.5,-4,-1.68,1.05,"28,770","13,535",2.1,67.6,"-13,787",123,358,"-13,306",77,"1,326","11,827",-37,253,2.1
6月25日,241,241.5,237,238.5,-2.5,-1.04,1.87,"29,735","11,130",2.7,71.2,157,-32,"-1,426","-1,301",77,-161,"10,501",99,290,2.8
6月24日,241,242,240,241,0.5,0.21,0.83,"43,461","17,780",2.4,104.8,"-9,125",24,"-3,606","-12,707",77,"1,106","10,662",191,191,1.8
6月21日,248,248.5,246,248.5,3.5,1.43,1.02,"62,136","19,049",3.3,154,"14,096",27,270,"14,393",77.1,-506,"9,556",0,0,0
6月20日,242,245.5,241,245,1,0.41,1.84,"39,717","13,879",2.9,97,"3,044",228,"1,107","4,379",77,-346,"10,062",0,0,0
6月19日,242.5,244,240.5,244,8.5,3.61,1.49,"50,234","20,528",2.4,121.8,"11,815",812,"4,080","16,707",77,"-1,773","10,408",-17,0,0
6月18日,234,235.5,233,235.5,2.5,1.07,1.07,"28,798","9,681",3,67.6,"-2,749",132,-214,"-2,831",77,-369,"12,181",-502,17,0.1
6月17日,231.5,235,230.5,233,-3,-1.27,1.91,"51,692","20,943",2.5,120.4,"-19,653",-234,"2,500","-17,388",77,"1,240","12,550",-282,519,4.1
6月14日,238.5,239.5,236,236,-4,-1.67,1.46,"35,404","14,911",2.4,84,"-12,077",-237,"2,436","-9,878",77.2,"1,060","11,310",153,801,7.1
6月13日,242.5,244,240,240,-6,-2.44,1.63,"33,732","13,552",2.5,81.4,"-12,359",-12,"2,194","-10,176",77.3,917,"10,250",-372,648,6.3
6月12日,244.5,247.5,243,246,1.5,0.61,1.84,"30,410","11,457",2.7,74.7,"4,642",-148,-44,"4,450",77.4,-435,"9,333",53,"1,020",10.9
6月11日,240,246,239,244.5,4.5,1.88,2.92,"34,692","13,157",2.6,84.5,"8,090",184,"-1,278","6,996",77.5,-876,"9,768",-100,967,9.9
6月10日,237.5,240,234.5,240,8,3.45,2.37,"35,522","15,588",2.3,84.4,"10,123",30,59,"10,212",77.5,"-1,032","10,644",137,"1,067",10
6月6日,231.5,232,229.5,232,-3,-1.28,1.06,"34,652","14,723",2.4,80.1,"-11,106",-288,-653,"-12,047",77.5,199,"11,676",-193,930,8
6月5日,238,238,234,235,2,0.86,1.72,"35,902","12,064",3,84.6,"-2,526",-311,216,"-2,621",77.5,-2,"11,477",177,"1,123",9.8
6月4日,237.5,238,233,233,-5,-2.1,2.1,"24,443","11,779",2.1,57.5,"-11,080",77,"1,018","-9,985",77.6,598,"11,479",-152,946,8.2
6月3日,235.5,238.5,232,238,2.5,1.06,2.76,"36,687","8,857",4.1,86.5,"5,756",150,-156,"5,750",77.6,-374,"10,881",41,"1,098",10.1
5月31日,232,237.5,231,235.5,4.5,1.95,2.81,"49,163","14,365",3.4,115.6,"-3,387",414,-645,"-3,618",77.6,-930,"11,255",6,"1,057",9.4
5月30日,230,231.5,229,231,1.5,0.65,1.09,"40,375","8,772",4.6,92.9,"-5,035",-146,-42,"-5,223",77.6,347,"12,185",-39,"1,051",8.6
5月29日,228,230.5,227,229.5,-1,-0.43,1.52,"32,260","10,233",3.2,73.9,"-10,009",-344,75,"-10,278",77.6,-208,"11,838",218,"1,090",9.2
5月28日,232,232,230.5,230.5,-0.5,-0.22,0.65,"99,322","10,122",9.8,229.1,"-8,060",49,-56,"-8,067",77.7,12,"12,046",-51,872,7.2
5月27日,234,235,231,231,-2,-0.86,1.72,"37,447","13,895",2.7,87,"-16,629",-125,-87,"-16,841",77.7,651,"12,034",30,924,7.7
5月24日,230,234,230,233,3,1.3,1.74,"38,227","14,586",2.6,88.7,"-14,284",40,-270,"-14,514",77.8,-18,"11,383",56,894,7.9
5月23日,233.5,233.5,230,230,-8,-3.36,1.47,"62,259","24,974",2.5,143.8,"-26,886",-116,"1,545","-25,457",77.8,802,"11,401",-45,838,7.4
5月22日,236.5,240.5,235.5,238,4,1.71,2.14,"36,289","14,019",2.6,86.7,"-6,504",47,-581,"-7,038",77.9,-860,"10,599",72,883,8.3
5月21日,233.5,236,232.5,234,-4,-1.68,1.47,"82,873","25,418",3.3,194.2,"-38,055",-78,"4,145","-33,988",77.9,"1,383","11,459",-309,811,7.1
5月20日,242.5,243,238,238,-3.5,-1.45,2.07,"47,098","13,099",3.6,113,"-14,438",-118,"3,438","-11,118",78.1,85,"10,076",243,"1,120",11.1
5月17日,249,249,241.5,241.5,-5.5,-2.23,3.04,"40,007","15,217",2.6,97.8,"-10,908",-46,"1,028","-9,926",78.1,72,"9,991",-82,877,8.8
5月16日,248.5,249.5,246,247,-2,-0.8,1.41,"30,332","11,402",2.7,75.2,"-9,667",51,132,"-9,484",78.2,54,"9,919",-10,959,9.7
5月15日,251,252,249,249,0.5,0.2,1.21,"37,223","12,041",3.1,93.3,"-12,237",71,"1,746","-10,420",78.2,383,"9,865",-60,969,9.8
5月14日,247.5,251,245,248.5,-2,-0.8,2.4,"45,621","14,283",3.2,113.5,"-7,027",-68,"3,751","-3,344",78.3,222,"9,482",-318,"1,029",10.9
5月13日,253,254,249.5,250.5,-5.5,-2.15,1.76,"29,318","11,974",2.4,73.7,"-4,441",223,"2,441","-1,777",78.3,228,"9,260",22,"1,347",14.5
5月10日,257,259,255,256,-0.5,-0.19,1.56,"18,868","8,009",2.4,48.4,"-4,182",-318,891,"-3,609",78.3,117,"9,032",-11,"1,325",14.7
5月9日,259.5,259.5,256,256.5,-3.5,-1.35,1.35,"34,167","10,995",3.1,88,"-4,700",10,514,"-4,176",78.3,343,"8,915",-138,"1,336",15
5月8日,260,261.5,259.5,260,-2.5,-0.95,0.76,"25,902","7,905",3.3,67.5,"-8,065",-88,"1,415","-6,738",78.3,111,"8,572",-33,"1,474",17.2
5月7日,259.5,263,259,262.5,3.5,1.35,1.54,"25,686","8,339",3.1,67.2,"-3,941",818,388,"-2,735",78.4,-135,"8,461",52,"1,507",17.8
5月6日,260,260,258,259,-6,-2.26,0.75,"33,688","12,535",2.7,87.2,"-7,570",85,364,"-7,121",78.4,529,"8,596",-184,"1,455",16.9
5月3日,262,265,260.5,265,6,2.32,1.74,"30,200","10,068",3,79.4,"11,473",9,-22,"11,461",78.4,-98,"8,067",109,"1,639",20.3
5月2日,261.5,262.5,258.5,259,0,0,1.54,"27,376","9,110",3,71.2,"11,475",-18,-959,"10,498",78.4,144,"8,165",-45,"1,530",18.7
4月30日,260,260.5,258,259,-0.5,-0.19,0.96,"40,446","10,939",3.7,104.8,"6,366",109,321,"6,796",78.3,139,"8,021",-17,"1,575",19.6
4月29日,260,262,258.5,259.5,-0.5,-0.19,1.35,"32,652","10,407",3.1,84.8,"6,386",-66,345,"6,665",78.3,-35,"7,882",-13,"1,592",20.2
4月26日,262,263,257.5,260,-7.5,-2.8,2.06,"51,744","16,674",3.1,134.6,"-9,696",-10,"1,122","-8,584",78.2,660,"7,917",-507,"1,605",20.3
4月25日,268.5,269,267,267.5,-1.5,-0.56,0.74,"36,572","7,331",5,98,"4,536",-276,-268,"3,992",78.3,-330,"7,257",-3,"2,112",29.1
